Country Name,Country Code,2018,2019
Poland,POL,52.7480289263233,53.1953356183897
Ukraine,UKR,45.2352356625927,41.2316912560049
